,,2019-01-21 05:52:06.663628
adf,adf,2019-01-21 05:52:18.239914
놀자,뭐하고 놀지??,2019-01-21 05:54:26.110269
ㅅㅣ험,너무어렵,2019-01-21 05:59:17.476240
,,2019-01-21 07:12:35.841866
,,2019-01-21 07:13:47.518363
,,2019-01-21 07:13:51.596073
adfas,adfs,2019-01-21 07:15:08.086012
dkssyd,안녕,2019-01-21 07:15:15.661305
dkssyd,안녕,2019-01-21 07:15:59.074563
이거는 get방식,이거는 get방식,2019-01-21 07:16:43.969987
하하,ㅁㅎㅇㅇ,2019-01-21 07:16:59.222303
ㅁㅇㅎㅁㄴ,ㅎㅁㄴㅇㅎㄴ,2019-01-21 07:17:03.266812
ㅅㅣ험,굿,2019-01-21 07:36:03.969650
ㅅㅣ험,굿,2019-01-21 07:36:59.283404
zz,ㅋㅋ,2019-01-21 07:39:34.240857
